{
    "data":[
        {
            "img":"statics/system/images/icons/dingdanguanli1.png",
            "isCurrent":true,
            "icon":"statics/system/images/icons/dingdanguanli1.png",
            "id":10,
            "href":"",
            "title":"订单管理",
            "menu":[
                {
                    "img":"statics/system/images/icons/fabudingdan1.png",
                    "children":[
                        {
                            "img":"",
                            "children":[

                            ],
                            "icon":"",
                            "id":100101,
                            "href":"manager/demindinfo/toAddOrder",
                            "title":"创建订单"
                        },
                        {
                            "img":"",
                            "children":[

                            ],
                            "icon":"",
                            "id":100102,
                            "href":"manager/demindinfo/toOrderRepublish",
                            "title":"修改订单"
                        }
                    ],
                    "icon":"statics/system/images/icons/fabudingdan1.png",
                    "id":1001,
                    "href":"",
                    "title":"发布订单"
                },
                {
                    "img":"statics/system/images/icons/dingdanxinxi1.png",
                    "children":[
                        {
                            "children":[

                            ],
                            "id":100201,
                            "href":"manager/demindinfo/toOrderInTransit",
                            "title":"运输中订单"
                        },
                        {
                            "children":[

                            ],
                            "id":100203,
                            "href":"manager/demindinfo/toMoneyFinish",
                            "title":"已完成订单"
                        },
                        {
                            "children":[

                            ],
                            "id":100204,
                            "href":"manager/demindinfo/toOrderCancel",
                            "title":"已取消订单"
                        }
                    ],
                    "icon":"statics/system/images/icons/dingdanxinxi1.png",
                    "id":1002,
                    "href":"",
                    "title":"订单信息"
                }
            ]
        },
        {
            "img":"statics/system/images/icons/hezuoqiye1.png",
            "icon":"statics/system/images/icons/hezuoqiye1.png",
            "id":11,
            "href":"",
            "title":"合作企业",
            "menu":[
                {
                    "img":"statics/system/images/icons/fahuofang1.png",
                    "children":[
                        {
                            "children":[

                            ],
                            "id":110101,
                            "href":"manager/demindinfo/toShip",
                            "title":"装货地列表"
                        },
                        {
                            "children":[

                            ],
                            "id":110102,
                            "href":"manager/demindinfo/toShipHistory",
                            "title":"装货地订单记录"
                        },
                        {
                            "children":[

                            ],
                            "id":110103,
                            "href":"manager/demindinfo/toAddShip",
                            "title":"添加装货地"
                        },
                        {
                            "children":[

                            ],
                            "id":110104,
                            "href":"manager/demindinfo/toEditShip",
                            "title":"修改装货地"
                        }
                    ],
                    "icon":"statics/system/images/icons/fahuofang1.png",
                    "id":1101,
                    "title":"装货地"
                },
                {
                    "img":"statics/system/images/icons/shouhuofang1.png",
                    "children":[
                        {
                            "children":[

                            ],
                            "id":110201,
                            "href":"manager/demindinfo/toCust",
                            "title":"卸货地列表"
                        },
                        {
                            "children":[

                            ],
                            "id":110202,
                            "href":"manager/demindinfo/toCustHistory",
                            "title":"卸货地订单记录"
                        },
                        {
                            "children":[

                            ],
                            "id":110203,
                            "href":"manager/demindinfo/toAddCust",
                            "title":"添加卸货地"
                        },
                        {
                            "children":[

                            ],
                            "id":110204,
                            "href":"manager/demindinfo/toEditCust",
                            "title":"修改卸货地"
                        }
                    ],
                    "icon":"statics/system/images/icons/shouhuofang1.png",
                    "id":1102,
                    "title":"卸货地"
                },
                {
                    "img":"statics/manager/image/icon/gerenxinxi_w.png",
                    "children":[

                    ],
                    "icon":"statics/manager/image/icon/gerenxinxi_w.png",
                    "id":1103,
                    "href":"manager/demindCarrier/toManagers",
                    "title":"经理人"
                },
                {
                    "children":[
                        {
                            "img":"statics/system/images/icons/qianbao1.png",
                            "children":[

                            ],
                            "icon":"statics/system/images/icons/qianbao1.png",
                            "id":110601,
                            "href":"manager/memberInfo/toqureOwnervehicle",
                            "title":"挂靠车辆"
                        },
                        {
                            "img":"statics/system/images/icons/qianbao1.png",
                            "children":[

                            ],
                            "icon":"statics/system/images/icons/qianbao1.png",
                            "id":110602,
                            "href":"manager/memberInfo/toqureNotOwnervehicle",
                            "title":"未注册的车辆"
                        }
                    ],
                    "id":1106,
                    "title":"车辆管理"
                }
            ]
        },
        {
            "img":"statics/system/images/icons/qiyezhongxin1.png",
            "icon":"statics/system/images/icons/qiyezhongxin1.png",
            "id":12,
            "href":"",
            "title":"企业中心",
            "menu":[
                {
                    "img":"statics/system/images/icons/xiaoxi1.png",
                    "children":[

                    ],
                    "icon":"statics/system/images/icons/xiaoxi1.png",
                    "id":1202,
                    "href":"manager/push/toPush",
                    "title":"消息"
                },
                {
                    "img":"statics/system/images/icons/qiyexinxi1.png",
                    "children":[

                    ],
                    "icon":"statics/system/images/icons/qiyexinxi1.png",
                    "id":1203,
                    "href":"manager/memberRealname/toEnterpriseInfo",
                    "title":"企业信息"
                },
                {
                    "img":"statics/system/images/icons/qiyexinxi1.png",
                    "children":[

                    ],
                    "icon":"statics/system/images/icons/qiyexinxi1.png",
                    "id":1206,
                    "href":"manager/roleinfo/toRoleInfo",
                    "title":"角色管理"
                },
                {
                    "img":"statics/system/images/icons/qiyexinxi1.png",
                    "children":[

                    ],
                    "icon":"statics/system/images/icons/qiyexinxi1.png",
                    "id":1207,
                    "href":"manager/memberSub/toMemberSub",
                    "title":"员工管理"
                }
            ]
        },
        {
            "img":"statics/system/images/icons/map1.png",
            "icon":"statics/system/images/icons/map1.png",
            "id":13,
            "href":"",
            "title":"地图监视",
            "menu":[
                {
                    "img":"statics/system/images/icons/yunshu1.png",
                    "children":[
                        {
                            "children":[

                            ],
                            "id":130101,
                            "href":"manager/demindinfo/toMapIntrans",
                            "title":"运输车辆总览"
                        },
                        {
                            "children":[

                            ],
                            "id":130102,
                            "href":"manager/demindinfo/toMapIntransLine",
                            "title":"订单线路总览"
                        }
                    ],
                    "icon":"statics/system/images/icons/yunshu1.png",
                    "id":1301,
                    "title":"运输监视"
                },
                {
                    "img":"statics/system/images/icons/yunshulishi1.png",
                    "children":[
                        {
                            "children":[

                            ],
                            "id":130201,
                            "href":"manager/demindinfo/toMapDemindHistory",
                            "title":"企业运输订单"
                        },
                        {
                            "children":[

                            ],
                            "id":130202,
                            "href":"manager/demindinfo/toDemindHistoryHeatMap",
                            "title":"运输历史热度"
                        }
                    ],
                    "icon":"statics/system/images/icons/yunshulishi1.png",
                    "id":1302,
                    "title":"运输历史"
                }
            ]
        },
        {
            "img":"statics/system/images/icons/tongji1.png",
            "icon":"statics/system/images/icons/tongji1.png",
            "id":14,
            "href":"",
            "title":"统计图表",
            "menu":[
                {
                    "img":"statics/system/images/icons/tongji1.png",
                    "children":[

                    ],
                    "icon":"statics/system/images/icons/tongji1.png",
                    "id":1401,
                    "href":"manager/statistics/toGoodsWeight",
                    "title":"订单统计"
                },
                {
                    "img":"statics/system/images/icons/yunshu1.png",
                    "children":[

                    ],
                    "icon":"statics/system/images/icons/yunshu1.png",
                    "id":1402,
                    "href":"manager/statistics/toStatisticsTransport",
                    "title":"运输统计"
                }
            ]
        },
        {
            "img":"statics/manager/image/icon/piao_w.png",
            "icon":"statics/manager/image/icon/piao_w.png",
            "id":15,
            "href":"",
            "title":"票据管理",
            "menu":[
                {
                    "img":"statics/manager/image/icon/bianji_w.png",
                    "children":[
                        {
                            "children":[

                            ],
                            "id":150101,
                            "href":"manager/demindReceipt/toReceiptAudit",
                            "title":"待审核票据"
                        },
                        {
                            "children":[

                            ],
                            "id":150102,
                            "href":"manager/demindReceipt/toReceiptPay",
                            "title":"待支付票据"
                        },
                        {
                            "children":[

                            ],
                            "id":150103,
                            "href":"manager/demindReceipt/toReceiptReject",
                            "title":"驳回票据"
                        },
                        {
                            "children":[

                            ],
                            "id":150104,
                            "href":"manager/demindReceipt/toInvoicereceipt",
                            "title":"待开票票据"
                        }
                    ],
                    "icon":"statics/manager/image/icon/bianji_w.png",
                    "id":1501,
                    "title":"传化票据管理"
                },
                {
                    "img":"statics/manager/image/icon/yunpiao_w.png",
                    "children":[

                    ],
                    "icon":"statics/manager/image/icon/yunpiao_w.png",
                    "id":1503,
                    "href":"manager/demindReceipt/toReceiptHistory",
                    "title":"历史票据"
                },
                {
                    "img":"statics/system/images/icons/dingdanxinxi1.pnghttps://lyttest.tf56.com/lytMall/#/index/homepage",
                    "children":[

                    ],
                    "icon":"statics/system/images/icons/dingdanxinxi1.pnghttps://lyttest.tf56.com/lytMall/#/index/homepage",
                    "id":1504,
                    "href":"manager/demindinfo/LYTPAY",
                    "title":"陆运通支付"
                }
            ]
        }
    ],
    "message":"sucess",
    "success":true
}